dropped_profile,h1_beta1,h1_p,h1_n,h2_access_barriers,h2_access_barriers_p,h2_collective_responsibility,h2_collective_responsibility_p,h2_coercive_backlash,h2_coercive_backlash_p,h3_autonomy,h3_autonomy_p,h3_collective,h3_collective_p,h3_equity,h3_equity_p
P01,-2.157884902804284,0.27871816722716614,15,2.278013308059329,0.028598561592643918,1.0360930744424353,0.3413338566899782,7.3193400784304306,0.0003156437246908534,5.061538461538482,2.3596611815851913e-12,-10.953846153846131,2.151966777843463e-36,4.770802659254744,3.02561324106383e-11
P02,-2.1357613537281805,0.2820921830871971,15,1.998913178135072,0.047953796151338636,0.9063662079022357,0.40046566207222856,7.698245303726125,0.0001383795857738386,5.173076923076945,5.428302140076376e-13,-10.815384615384591,9.641027259110671e-36,4.853586989182629,1.2985843390815305e-11
P03,-2.152470845500061,0.27778263241492857,15,2.2239091662672643,0.03140917922493418,0.5918905515298225,0.5923799897415003,7.16396124078714,0.00045098037248271164,4.884615384615407,1.301296357103098e-11,-10.805769230769208,1.305302020179721e-35,4.669127478966283,7.056029716666027e-11
P04,-2.243318834554404,0.2613091991391836,15,2.6042777398852555,0.01151180226974711,0.708136921961882,0.5187675015033298,7.284890165297158,0.00044097829368136386,4.792307692307715,1.7907353060210034e-11,-10.953846153846131,1.2899328976366054e-36,4.561068960336474,1.26349951585488e-10
P05,-2.171513450860722,0.2729822936632915,15,2.2817761679570894,0.024969559401822074,0.568701991102178,0.6049001518283645,7.09716160732232,0.0004930441444779309,5.0576923076923315,2.7861487038460137e-12,-10.869230769230747,1.217916908747463e-36,4.799609374999935,2.6570947997840965e-11
P06,-2.1714566095130365,0.26901811634352985,15,2.6941787848425984,0.008229473282205895,0.8347169279736066,0.43981414719724465,7.274833841103709,0.0003200028548331846,4.892307692307715,3.2832000971125924e-12,-10.799999999999976,3.5232997689607044e-37,4.76126802884609,4.916804689894038e-11
P07,-2.2628440644611634,0.2597794034111647,15,2.5993411227468597,0.011012344435404317,0.6565599017810855,0.5536071674914121,7.305291010921891,0.0004836129907589603,4.888461538461563,1.2468188795223665e-11,-10.851923076923045,3.019871577126888e-36,4.669230769230774,2.985677281553448e-11
P08,-2.2366083454341186,0.26142979734641986,15,2.167072693664228,0.034231916669323945,0.9310094966116176,0.40011982523326306,7.237050912512351,0.0002865008948911505,4.850000000000037,1.4378712216963319e-11,-10.915384615384577,3.1746296863695474e-37,4.603312800480724,2.0390029119288457e-11
P09,-2.178021606832367,0.2676923644608215,15,2.556589073905268,0.011893781096152703,0.5787865232356642,0.5872321121527146,6.610739039439119,0.0010633428578902774,5.051923076923112,2.8041749440717223e-12,-10.921153846153807,1.3446907272406275e-37,4.770979191706686,4.9359456780076225e-11
P10,-2.1680477823362065,0.27826236420130734,15,2.609027437182691,0.011820425475960366,0.7250636227533036,0.5099658838353223,7.373930536478836,0.00023518016146358267,5.176923076923112,5.934740362197047e-13,-10.899999999999961,1.915305289923112e-37,4.978787935697071,6.233351296563069e-12
P11,-2.1259001500026145,0.28570528177436505,15,2.3779683525368247,0.019563590066919666,0.6505630000998623,0.5509806295526722,7.520607945193601,0.00019484262095699993,5.096153846153881,1.3083155222241374e-12,-10.71923076923073,1.1057382718456897e-35,4.86754995492784,1.4831557236916653e-11
P12,-2.11953177089323,0.27999600956105736,15,2.2767771727491244,0.025254609148620984,0.8718653790766127,0.4119602014515059,7.480793363930186,0.0002509531896755442,4.963461538461573,2.545750350714984e-12,-10.815384615384575,5.09406107172422e-36,4.767270132211495,2.741628221791887e-11
P13,-2.188516771544414,0.272785717572194,15,2.5787275602389963,0.013122271373987516,0.8200480479725738,0.4533747449055391,6.969304554710057,0.0004955179253271618,5.088461538461575,1.0373912831429996e-12,-10.963461538461498,7.786460634546969e-38,4.937888746995148,8.947628557899127e-12
P14,-2.1456589385102802,0.27646757655013643,15,2.450101115610973,0.01740220516225715,0.5287551659693266,0.6253691705305522,7.099693632686037,0.00048447521576982854,4.8557692307692655,8.488138433849997e-12,-10.984615384615346,2.238642433015421e-40,4.674740835336495,3.468865578027465e-11
P15,-2.1227466063000233,0.28001618685065627,15,2.224172321744169,0.030426929023491298,0.58020117792615,0.5863539478030705,6.755413765812223,0.0012293398296473852,4.998076923076956,3.5539251762549934e-12,-10.96153846153842,1.3866510674191883e-37,4.865709510216303,7.14649405616902e-12
P16,-2.1653855207038606,0.27170218791939044,15,2.502901657700063,0.014894379757962461,0.46276640381819556,0.6707007606426516,7.323443512348022,0.0002775275008466211,4.876923076923112,1.4109978779681909e-11,-10.967307692307653,2.435373894111248e-38,4.9132474459134166,8.778575881635498e-12
P17,-2.151276674608283,0.2751191579885461,15,2.315793563743145,0.023848072743074603,0.7068291049789066,0.5164619177073828,7.1427570512640886,0.00037334419525534326,5.040384615384651,3.2836384160581277e-12,-10.703846153846115,5.393728956309196e-36,4.95357759915861,8.191521481512892e-12
P18,-2.138462063522545,0.27946616608252234,15,1.80186035743146,0.07490808380000276,0.3172417188636021,0.7650192442610484,8.161729591683018,1.804999091573731e-05,4.975000000000035,6.847148982457839e-12,-10.742307692307653,3.892568933845472e-39,4.977075195312457,5.775579499805122e-12
P19,-2.1829890396511136,0.2727285774959678,15,2.5630725195526662,0.013184702661811758,0.675504040435456,0.538380369200842,7.373138790025344,0.00019963768415634802,5.051923076923112,2.0744957294307676e-12,-10.867307692307653,2.943989603682113e-36,4.973204627403803,1.949015451893974e-12
P20,-2.161516361294986,0.27629280867007333,15,2.630737340069894,0.010073095911078184,0.7201762939751939,0.5030993535515353,6.776638252274739,0.0003366020514338177,4.8230769230769575,1.6352685561960923e-11,-10.924999999999962,2.9361289348774974e-36,4.7753568209134185,3.445548403920583e-11
P21,-2.070377561701725,0.2955569377616304,15,2.4916673914922125,0.015415179406508104,0.8541406534456053,0.4351669789932321,7.2442301994599205,0.0002506346836140449,4.903846153846189,2.5767414789988203e-12,-10.884615384615346,5.013400699467066e-37,4.85205641526438,7.517131692571833e-12
P22,-2.1478024944729457,0.277416859914081,15,2.5628396530652746,0.0128676219016316,0.7350114624290285,0.49955930879169996,7.068084879733392,0.0005132118562118279,4.8557692307692655,7.41880449341982e-12,-10.857692307692268,8.124574382796819e-37,4.904043344350918,1.512220352463591e-11
P23,-2.1045444292854527,0.2869379578555212,15,2.4184650325844648,0.01856329235291125,0.7307818679059457,0.5003726460376056,7.069578424703038,0.0004915993724189944,4.971153846153881,1.6504741498823749e-12,-10.82499999999996,7.647330080697865e-37,5.031246243990342,3.080036501437031e-12
P24,-2.135691339649462,0.2796922274004053,15,2.0994274629701093,0.03861606176591617,0.5350629122676409,0.6113596980345508,6.839353605906282,0.0009481261518609264,5.001923076923113,2.014597686940255e-12,-11.011538461538422,2.767209693063886e-38,4.986906550480727,2.9197435316221134e-12
P25,-2.1635409330446818,0.27477205321385034,15,2.3490695525014296,0.021303537451735556,0.8024930303681148,0.460646283833,7.84533458883139,0.00010424784104799995,4.644230769230806,4.746443058651557e-11,-10.926923076923037,9.475610433782886e-38,4.90975435697111,1.1583707924239177e-11
P26,-2.151918718585182,0.27654214406730465,15,2.2426070838808627,0.029217904268562772,0.6361030822693938,0.5603017084889796,7.133791036032919,0.00037996583924817493,4.97884615384619,1.837398695442355e-12,-10.890384615384576,2.860808239101416e-37,5.102450796273995,8.200437834351708e-13
P27,-2.1666652697627162,0.27818265716132845,15,1.6702068703918922,0.0971330647521652,0.6090761492451602,0.5634710960334758,8.101813068902699,1.5075094669443612e-05,4.896153846153882,1.696931019096548e-11,-10.867307692307651,9.996962832136092e-37,4.869097430889379,1.9154706121271643e-11
